shot_name,speed_mph,vla_deg,hla_deg,total_spin_rpm,spin_axis_deg,physics_carry_yd,flightscope_carry_yd,diff_carry_yd,physics_total_yd,flightscope_total_yd,diff_total_yd,rollout_physics_yd,rollout_flightscope_yd,diff_rollout_yd,physics_apex_ft,flightscope_apex_ft,diff_apex_ft,status
s3_shot_driver_58,119.3,23.6,2.5,7093,3.3,181.2,163.2,18.0,200.9,163.9,37.0,19.7,0.7,19.0,120.9,125.7,-4.8,severe
s3_shot_3w_24,123.4,6.3,-5.4,2752,-13.3,153.8,145.9,7.9,206.3,176.7,29.6,52.5,30.8,21.7,21.7,19.8,1.9,severe
s3_shot_driver_51,116.2,21.7,2.2,6409,3.2,174.3,162.9,11.4,193.9,164.3,29.6,19.6,1.4,18.2,109.3,108.7,0.6,severe
s2_shot_21,127.3,7.2,-11.5,2321,-19.5,160.7,154.9,5.8,215.3,186.5,28.8,54.6,31.6,23.0,24.9,23.1,1.8,severe
bump_and_run,58.3,15.6,-0.8,1850,2.3,34.7,43.8,-9.1,34.5,62.0,-27.5,-0.2,18.2,-18.4,8.0,10.1,-2.1,severe
s3_shot_6i_44,115.0,9.5,-6.7,2314,15.1,141.1,142.3,-1.2,140.8,168.2,-27.4,-0.3,25.9,-26.2,25.3,26.6,-1.3,severe
driver1,124.0,9.4,-9.5,2322,-24.8,158.3,158.0,0.3,158.3,184.0,-25.7,0.0,26.0,-26.0,29.5,30.2,-0.7,severe
s3_shot_driver_52,102.1,31.3,3.1,8442,6.3,133.9,124.5,9.4,149.4,124.1,25.3,15.5,-0.4,15.9,117.9,119.3,-1.4,severe
s3_shot_5i_12,74.2,10.2,-1.7,3321,15.8,59.6,58.4,1.2,58.4,81.9,-23.5,-1.2,23.5,-24.7,10.5,9.4,1.1,severe
driver3,119.1,16.0,-8.9,4935,-9.4,180.3,174.1,6.2,201.8,178.5,23.3,21.5,4.4,17.1,99.6,78.5,21.1,severe
s2_shot_26,117.0,18.4,-2.0,5035,9.7,173.3,170.7,2.6,197.3,174.2,23.1,24.0,3.5,20.5,112.3,88.1,24.2,severe
wood_low_test_shot,114.5,7.0,-0.6,1932,-1.4,124.4,122.6,1.8,181.8,158.9,22.9,57.4,36.3,21.1,16.1,15.7,0.4,severe
s3_shot_3w_23,115.8,8.9,-0.8,2804,2.2,148.5,147.7,0.8,148.2,170.9,-22.7,-0.3,23.2,-23.5,26.8,28.0,-1.2,severe
s3_shot_driver_55,117.5,7.5,-8.3,2150,-27.2,128.1,125.6,2.5,184.4,161.8,22.6,56.3,36.2,20.1,17.6,17.2,0.4,severe
s3_shot_7i_26,73.4,10.8,15.4,3561,30.0,58.4,56.6,1.8,57.5,79.3,-21.8,-0.9,22.7,-23.6,10.7,9.6,1.1,severe
s3_shot_6i_38,79.1,13.3,3.0,3187,11.6,76.0,79.2,-3.2,76.2,97.5,-21.3,0.2,18.3,-18.1,18.1,18.0,0.1,severe
s3_shot_6i_45,109.3,6.4,-9.0,2510,-10.9,113.1,109.6,3.5,166.5,145.4,21.1,53.4,35.8,17.6,13.5,12.9,0.6,severe
s3_shot_5i_16,98.0,9.1,-2.1,3776,1.7,110.2,109.1,1.1,109.2,130.0,-20.8,-1.0,20.9,-21.9,19.5,19.7,-0.2,severe
s3_shot_6i_36,78.9,10.4,16.1,4166,25.1,69.9,67.8,2.1,68.3,89.1,-20.8,-1.6,21.3,-22.9,12.4,11.8,0.6,severe
s3_shot_driver_56,118.7,17.1,-1.8,4554,2.8,181.4,176.6,4.8,201.6,180.9,20.7,20.2,4.3,15.9,92.9,83.2,9.7,severe
s3_shot_3w_22,108.9,5.6,-7.2,2501,-1.8,106.3,103.2,3.1,161.5,141.3,20.2,55.2,38.1,17.1,11.0,10.5,0.5,severe
s3_shot_driver_57,120.9,14.1,-5.2,1544,-8.0,172.5,177.6,-5.1,177.3,197.0,-19.7,4.8,19.4,-14.6,47.4,50.9,-3.5,severe
s2_shot_23,125.5,8.6,-14.3,3062,-23.9,166.1,161.9,4.2,166.1,185.0,-18.9,0.0,23.1,-23.1,31.1,31.0,0.1,severe
s3_shot_7i_25,83.3,13.2,3.0,3410,17.8,86.4,86.9,-0.5,86.8,104.8,-18.0,0.4,17.9,-17.5,21.0,20.1,0.9,severe
s3_shot_driver_53,97.2,30.6,2.2,8926,6.0,124.1,117.6,6.5,135.0,117.1,17.9,10.9,-0.5,11.4,102.0,105.8,-3.8,severe
s3_shot_driver_59,81.0,44.9,8.9,6735,12.4,82.8,83.7,-0.9,100.9,83.2,17.7,18.1,-0.5,18.6,104.0,107.8,-3.8,severe
s3_shot_6i_42,77.2,13.1,-3.4,4057,4.1,75.5,76.6,-1.1,75.5,92.9,-17.4,0.0,16.3,-16.3,18.3,17.5,0.8,severe
s3_shot_5i_11,90.6,14.4,-0.2,3360,7.8,105.6,108.8,-3.2,106.9,124.1,-17.2,1.3,15.3,-14.0,28.5,29.8,-1.3,severe
s3_shot_3w_19,121.3,5.6,-4.8,1662,-11.9,120.5,120.6,-0.1,182.5,165.8,16.7,62.0,45.2,16.8,12.3,12.2,0.1,severe
s2_shot_18,105.7,20.5,-1.7,5667,8.2,151.9,146.8,5.1,166.0,149.4,16.6,14.1,2.6,11.5,83.5,80.4,3.1,severe
s3_shot_3w_21,119.4,5.3,-3.4,1760,-10.5,115.7,114.6,1.1,177.1,160.5,16.6,61.4,45.9,15.5,11.2,10.9,0.3,severe
s3_shot_6i_35,80.5,15.3,-1.3,4667,-0.0,84.9,90.0,-5.1,84.9,101.5,-16.6,0.0,11.5,-11.5,23.1,26.4,-3.3,severe
driver4,119.0,15.5,-10.2,4454,-7.8,183.3,175.6,7.7,197.2,180.9,16.3,13.9,5.3,8.6,78.2,73.8,4.4,severe
s3_shot_driver_60,107.4,11.7,-8.6,3269,-14.8,138.5,138.5,0.0,138.9,153.8,-14.9,0.4,15.3,-14.9,31.6,34.0,-2.4,severe
s3_shot_5i_15,86.9,9.3,-4.0,2509,-4.9,74.1,78.6,-4.5,121.3,106.6,14.7,47.2,28.0,19.2,11.0,12.1,-1.1,severe
s3_shot_7i_31,76.4,17.5,-0.5,5122,1.8,80.2,85.0,-4.8,80.2,94.5,-14.3,0.0,9.5,-9.5,24.3,28.4,-4.1,severe
topped_test_shot,91.8,5.0,-0.9,2195,16.2,55.6,56.2,-0.6,109.2,95.3,13.9,53.6,39.1,14.5,4.2,4.3,-0.1,severe
s2_shot_27,113.0,17.6,-2.3,4292,12.2,168.1,164.5,3.6,183.4,169.6,13.8,15.3,5.1,10.2,78.6,73.6,5.0,severe
s3_shot_6i_41,82.5,9.9,-2.3,2620,13.6,66.7,71.3,-4.6,111.1,97.9,13.2,44.4,26.6,17.8,10.3,11.3,-1.0,severe
bump_test_shot,78.3,5.6,-0.8,1850,2.3,36.9,39.0,-2.1,86.8,74.0,12.8,49.9,35.0,14.9,3.0,3.1,-0.1,severe
