shot_name,speed_mph,vla_deg,hla_deg,total_spin_rpm,spin_axis_deg,physics_carry_yd,flightscope_carry_yd,diff_carry_yd,physics_carry_raw_yd,diff_carry_raw_yd,physics_total_yd,flightscope_total_yd,diff_total_yd,rollout_physics_yd,rollout_flightscope_yd,diff_rollout_yd,physics_apex_ft,flightscope_apex_ft,diff_apex_ft,carry_exception_regime,carry_exception_offset_yd,carry_exception_source,carry_exception_applied,status
s3_shot_driver_58,119.3,23.6,2.5,7093,3.3,174.2,163.2,11.0,181.2,18.0,200.9,163.9,37.0,26.7,0.7,26.0,120.9,125.7,-4.8,I-S3-V2-P3,7.0,regime,true,severe
s2_shot_21,127.3,7.2,-11.5,2321,-19.5,160.7,154.9,5.8,160.7,5.8,215.3,186.5,28.8,54.6,31.6,23.0,24.9,23.1,1.8,D-S4-V0-P0,,,false,severe
wood1,124.2,6.7,-8.1,4528,4.8,171.2,165.5,5.7,178.2,12.7,178.7,181.9,-3.2,7.5,16.4,-8.9,36.0,32.8,3.2,D-S4-V0-P2,7.0,regime,true,moderate
s3_shot_driver_52,102.1,31.3,3.1,8442,6.3,129.9,124.5,5.4,133.9,9.4,149.4,124.1,25.3,19.5,-0.4,19.9,117.9,119.3,-1.4,W-S2-V3-P4,4.0,regime,true,severe
s3_shot_driver_57,120.9,14.1,-5.2,1544,-8.0,172.5,177.6,-5.1,172.5,-5.1,177.3,197.0,-19.7,4.8,19.4,-14.6,47.4,50.9,-3.5,D-S4-V1-P0,,,false,severe
wood2,118.8,14.5,-3.3,3026,11.2,180.4,175.6,4.8,180.4,4.8,186.8,186.1,0.7,6.4,10.5,-4.1,57.7,59.3,-1.6,D-S3-V1-P1,,,false,moderate
s3_shot_driver_51,116.2,21.7,2.2,6409,3.2,167.3,162.9,4.4,174.3,11.4,193.9,164.3,29.6,26.6,1.4,25.2,109.3,108.7,0.6,I-S3-V2-P3,7.0,regime,true,severe
s3_shot_7i_30,90.2,17.6,-3.8,4508,-0.2,111.2,115.4,-4.2,115.2,-0.2,123.2,121.7,1.5,12.0,6.3,5.7,48.6,43.1,5.5,I-S2-V1-P2,4.0,regime,true,moderate
s3_shot_3w_24,123.4,6.3,-5.4,2752,-13.3,149.8,145.9,3.9,153.8,7.9,206.3,176.7,29.6,56.5,30.8,25.7,21.7,19.8,1.9,D-S4-V0-P1,4.0,regime,true,severe
s3_shot_6i_46,116.3,13.7,0.3,3008,10.7,171.1,167.3,3.8,171.1,3.8,175.8,179.3,-3.5,4.7,12.0,-7.3,50.1,51.6,-1.5,D-S3-V1-P1,,,false,moderate
s2_shot_27,113.0,17.6,-2.3,4292,12.2,161.1,164.5,-3.4,168.1,3.6,183.4,169.6,13.8,22.3,5.1,17.2,78.6,73.6,5.0,D-S3-V1-P2,7.0,regime,true,severe
s2_shot_19,128.6,12.5,-8.4,2514,5.1,191.4,194.5,-3.1,197.8,3.3,204.3,208.7,-4.4,12.9,14.2,-1.3,56.4,57.3,-0.9,D-S4-V1-P1,6.4,regime,true,moderate
s3_shot_6i_47,99.5,14.8,-2.9,4811,4.7,134.2,131.2,3.0,138.2,7.0,148.5,137.7,10.8,14.3,6.5,7.8,56.8,45.0,11.8,I-S2-V1-P2,4.0,regime,true,severe
s2_shot_23,125.5,8.6,-14.3,3062,-23.9,159.1,161.9,-2.8,166.1,4.2,166.1,185.0,-18.9,7.0,23.1,-16.1,31.1,31.0,0.1,D-S4-V0-P1,7.0,regime,true,severe
s2_shot_9,94.4,20.1,2.4,4020,16.3,123.7,126.5,-2.8,123.7,-2.8,136.0,132.5,3.5,12.3,6.0,6.3,62.1,54.8,7.3,I-S2-V2-P2,,,false,pass
s3_shot_7i_28,92.1,16.4,-3.6,4217,-0.4,115.1,117.9,-2.8,119.1,1.2,126.8,125.6,1.2,11.7,7.7,4.0,48.9,40.6,8.3,I-S2-V1-P2,4.0,regime,true,pass
s2_shot_26,117.0,18.4,-2.0,5035,9.7,173.3,170.7,2.6,173.3,2.6,197.3,174.2,23.1,24.0,3.5,20.5,112.3,88.1,24.2,I-S3-V2-P2,,,false,severe
driver2,124.6,13.2,-6.8,3994,-6.1,187.3,184.8,2.5,193.7,8.9,200.9,192.3,8.6,13.6,7.5,6.1,63.1,65.8,-2.7,D-S4-V1-P1,6.4,regime,true,moderate
s3_shot_driver_53,97.2,30.6,2.2,8926,6.0,120.1,117.6,2.5,124.1,6.5,135.0,117.1,17.9,14.9,-0.5,15.4,102.0,105.8,-3.8,W-S2-V3-P4,4.0,regime,true,severe
s3_shot_driver_55,117.5,7.5,-8.3,2150,-27.2,128.1,125.6,2.5,128.1,2.5,184.4,161.8,22.6,56.3,36.2,20.1,17.6,17.2,0.4,D-S3-V0-P0,,,false,severe
s3_shot_6i_43,94.1,13.9,-4.7,4616,1.7,119.7,117.3,2.4,123.7,6.4,129.5,128.6,0.9,9.8,11.3,-1.5,43.1,35.0,8.1,I-S2-V1-P2,4.0,regime,true,pass
s3_shot_7i_27,93.7,17.1,-1.4,4612,2.6,120.1,122.3,-2.2,124.1,1.8,132.6,128.3,4.3,12.5,6.0,6.5,54.0,46.0,8.0,I-S2-V1-P2,4.0,regime,true,pass
s3_shot_driver_56,118.7,17.1,-1.8,4554,2.8,174.4,176.6,-2.2,181.4,4.8,201.6,180.9,20.7,27.2,4.3,22.9,92.9,83.2,9.7,D-S3-V1-P2,7.0,regime,true,severe
s3_shot_6i_48,101.7,15.2,-3.0,4631,4.3,139.2,137.1,2.1,143.2,6.1,154.6,143.5,11.1,15.4,6.4,9.0,63.1,48.9,14.2,I-S2-V1-P2,4.0,regime,true,severe
s3_shot_7i_32,93.1,17.0,-1.0,3762,4.2,119.4,121.2,-1.8,119.4,-1.8,127.6,129.8,-2.2,8.2,8.6,-0.4,45.6,42.5,3.1,I-S2-V1-P1,,,false,pass
wood_low_test_shot,114.5,7.0,-0.6,1932,-1.4,124.4,122.6,1.8,124.4,1.8,181.8,158.9,22.9,57.4,36.3,21.1,16.1,15.7,0.4,D-S3-V0-P0,,,false,severe
s2_shot_12,90.8,24.5,-3.9,7261,4.9,117.1,115.4,1.7,120.6,5.2,125.9,116.4,9.5,8.8,1.0,7.8,66.4,71.5,-5.1,I-S2-V2-P3,3.5,regime,true,moderate
s2_shot_13,95.2,19.6,-1.1,5610,12.2,123.6,125.3,-1.7,127.1,1.8,131.7,128.7,3.0,8.1,3.4,4.7,52.5,58.4,-5.9,I-S2-V2-P3,3.5,regime,true,pass
5iron,102.1,17.4,1.5,5391,12.3,139.7,138.1,1.6,143.7,5.6,154.3,142.2,12.1,14.6,4.1,10.5,64.6,59.6,5.0,I-S2-V1-P2,4.0,regime,true,severe
s3_shot_7i_33,92.4,17.0,-0.6,3852,2.8,118.1,119.7,-1.6,118.1,-1.6,126.7,128.0,-1.3,8.6,8.3,0.3,46.7,42.0,4.7,I-S2-V1-P1,,,false,pass
s3_shot_9i_8,92.2,21.9,-6.3,5042,0.7,121.3,122.9,-1.6,121.3,-1.6,130.5,126.4,4.1,9.2,3.5,5.7,61.1,62.6,-1.5,I-S2-V2-P2,,,false,pass
s3_shot_9i_3,90.1,21.7,2.8,5243,11.2,115.9,117.3,-1.4,115.9,-1.4,121.8,120.7,1.1,5.9,3.4,2.5,52.4,57.7,-5.3,I-S2-V2-P2,,,false,pass
s3_shot_5i_12,74.2,10.2,-1.7,3321,15.8,59.6,58.4,1.2,59.6,1.2,58.4,81.9,-23.5,-1.2,23.5,-24.7,10.5,9.4,1.1,I-S1-V1-P1,,,false,severe
s3_shot_6i_40,62.1,6.8,27.0,2768,30.0,25.0,26.2,-1.2,25.0,-1.2,58.9,51.1,7.8,33.9,24.9,9.0,2.6,2.5,0.1,I-S1-V0-P1,,,false,moderate
s3_shot_6i_44,115.0,9.5,-6.7,2314,15.1,141.1,142.3,-1.2,141.1,-1.2,140.8,168.2,-27.4,-0.3,25.9,-26.2,25.3,26.6,-1.3,D-S3-V0-P0,,,false,severe
s3_shot_9i_9,90.1,22.1,-3.1,5351,1.2,116.9,118.1,-1.2,116.9,-1.2,123.0,121.1,1.9,6.1,3.0,3.1,54.0,60.1,-6.1,I-S2-V2-P2,,,false,pass
s2_shot_18,105.7,20.5,-1.7,5667,8.2,147.9,146.8,1.1,151.9,5.1,166.0,149.4,16.6,18.1,2.6,15.5,83.5,80.4,3.1,I-S3-V2-P3,4.0,regime,true,severe
s3_shot_3w_21,119.4,5.3,-3.4,1760,-10.5,115.7,114.6,1.1,115.7,1.1,177.1,160.5,16.6,61.4,45.9,15.5,11.2,10.9,0.3,D-S3-V0-P0,,,false,severe
s3_shot_5i_16,98.0,9.1,-2.1,3776,1.7,110.2,109.1,1.1,110.2,1.1,109.2,130.0,-20.8,-1.0,20.9,-21.9,19.5,19.7,-0.2,I-S2-V0-P1,,,false,severe
s3_shot_6i_42,77.2,13.1,-3.4,4057,4.1,75.5,76.6,-1.1,75.5,-1.1,75.5,92.9,-17.4,0.0,16.3,-16.3,18.3,17.5,0.8,I-S1-V1-P2,,,false,severe
s3_shot_9i_7,83.0,22.5,5.3,7008,9.7,102.2,101.1,1.1,102.2,1.1,104.2,102.6,1.6,2.0,1.5,0.5,47.3,51.5,-4.2,I-S1-V2-P3,,,false,pass
drive_test_shot,150.0,12.5,1.5,2335,-9.9,245.0,244.0,1.0,245.0,1.0,256.8,256.0,0.8,11.8,12.0,-0.2,80.0,80.6,-0.6,D-S4-V1-P0,,,false,pass
s3_shot_7i_29,107.6,13.8,-6.0,3633,4.7,149.4,148.4,1.0,149.4,1.0,152.5,158.3,-5.8,3.1,9.9,-6.8,42.8,46.3,-3.5,I-S3-V1-P1,,,false,moderate
s3_shot_driver_54,121.5,12.9,-5.3,3411,-10.0,177.2,178.2,-1.0,183.6,5.4,188.7,188.7,0.0,11.5,10.5,1.0,54.3,56.5,-2.2,D-S4-V1-P1,6.4,regime,true,pass
flop_test_shot,68.0,45.0,0.5,12000,0.8,62.7,61.8,0.9,62.7,0.9,63.1,60.3,2.8,0.4,-1.5,1.9,69.2,76.8,-7.6,W-S1-V4-P4,,,false,pass
s3_shot_driver_59,81.0,44.9,8.9,6735,12.4,82.8,83.7,-0.9,82.8,-0.9,100.9,83.2,17.7,18.1,-0.5,18.6,104.0,107.8,-3.8,W-S1-V4-P3,,,false,severe
driver3,119.1,16.0,-8.9,4935,-9.4,173.3,174.1,-0.8,180.3,6.2,201.8,178.5,23.3,28.5,4.4,24.1,99.6,78.5,21.1,D-S3-V1-P2,7.0,regime,true,severe
s3_shot_3w_23,115.8,8.9,-0.8,2804,2.2,148.5,147.7,0.8,148.5,0.8,148.2,170.9,-22.7,-0.3,23.2,-23.5,26.8,28.0,-1.2,D-S3-V0-P1,,,false,severe
driver4,119.0,15.5,-10.2,4454,-7.8,176.3,175.6,0.7,183.3,7.7,197.2,180.9,16.3,20.9,5.3,15.6,78.2,73.8,4.4,D-S3-V1-P2,7.0,regime,true,severe
s2_shot_22,123.3,14.0,-6.1,3104,10.0,184.7,185.4,-0.7,191.1,5.7,199.0,195.5,3.5,14.3,10.1,4.2,61.6,63.0,-1.4,D-S4-V1-P1,6.4,regime,true,pass
s2_shot_24,121.5,14.5,-11.2,3173,-6.8,182.3,183.0,-0.7,188.7,5.7,195.5,192.8,2.7,13.2,9.8,3.4,63.0,64.6,-1.6,D-S4-V1-P1,6.4,regime,true,pass
checked_test_shot,75.0,38.5,1.4,10701,5.7,77.0,77.6,-0.6,77.0,-0.6,78.6,77.5,1.1,1.6,-0.1,1.7,70.8,79.5,-8.7,W-S1-V4-P4,,,false,pass
s2_shot_15,88.1,14.2,-0.3,4985,19.4,100.7,101.3,-0.6,100.7,-0.6,100.8,113.1,-12.3,0.1,11.8,-11.7,27.0,28.9,-1.9,I-S2-V1-P2,,,false,severe
topped_test_shot,91.8,5.0,-0.9,2195,16.2,55.6,56.2,-0.6,55.6,-0.6,109.2,95.3,13.9,53.6,39.1,14.5,4.2,4.3,-0.1,I-S2-V0-P0,,,false,severe
s3_shot_6i_39,61.0,6.1,10.3,3285,22.0,23.5,24.0,-0.5,23.5,-0.5,53.7,47.3,6.4,30.2,23.3,6.9,2.1,2.1,0.0,I-S1-V0-P1,,,false,moderate
s3_shot_7i_25,83.3,13.2,3.0,3410,17.8,86.4,86.9,-0.5,86.4,-0.5,86.8,104.8,-18.0,0.4,17.9,-17.5,21.0,20.1,0.9,I-S1-V1-P1,,,false,severe
s2_shot_16,94.1,19.1,-5.9,5291,5.0,124.7,124.3,0.4,124.7,0.4,130.3,128.1,2.2,5.6,3.8,1.8,52.1,55.3,-3.2,I-S2-V2-P2,,,false,pass
s3_shot_6i_50,82.8,14.8,-1.4,3783,2.8,92.8,93.2,-0.4,92.8,-0.4,95.3,107.4,-12.1,2.5,14.2,-11.7,29.5,25.6,3.9,I-S1-V1-P1,,,false,severe
s3_shot_7i_34,104.2,14.7,-4.6,4081,1.9,142.9,142.5,0.4,146.9,4.4,153.2,150.6,2.6,10.3,8.1,2.2,51.3,48.2,3.1,I-S2-V1-P2,4.0,regime,true,pass
driver1,124.0,9.4,-9.5,2322,-24.8,158.3,158.0,0.3,158.3,0.3,158.3,184.0,-25.7,0.0,26.0,-26.0,29.5,30.2,-0.7,D-S4-V0-P0,,,false,severe
s2_shot_14,87.1,22.4,-2.0,5660,11.4,111.1,110.9,0.2,111.1,0.2,115.3,113.7,1.6,4.2,2.8,1.4,50.0,55.9,-5.9,I-S2-V2-P3,,,false,pass
s2_shot_20,120.9,15.0,-3.0,4245,9.6,179.6,179.4,0.2,186.6,7.2,196.4,185.3,11.1,16.8,5.9,10.9,70.5,72.3,-1.8,D-S4-V1-P2,7.0,regime,true,severe
bump_and_run,58.3,15.6,-0.8,1850,2.3,43.7,43.8,-0.1,34.7,-9.1,34.5,62.0,-27.5,-9.2,18.2,-27.4,8.0,10.1,-2.1,C-S0-V1-P0,-9.0,shot,true,severe
s3_shot_3w_19,121.3,5.6,-4.8,1662,-11.9,120.5,120.6,-0.1,120.5,-0.1,182.5,165.8,16.7,62.0,45.2,16.8,12.3,12.2,0.1,D-S4-V0-P0,,,false,severe
s3_shot_pw_65,81.2,28.4,2.9,6959,9.4,98.4,98.5,-0.1,98.4,-0.1,104.1,99.4,4.7,5.7,0.9,4.8,61.8,65.6,-3.8,I-S1-V3-P3,,,false,pass
approach_mid_iron_test_shot,93.9,22.9,-2.6,5375,2.0,125.8,125.8,0.0,125.8,0.0,136.4,128.5,7.9,10.6,2.7,7.9,64.6,69.3,-4.7,I-S2-V2-P2,,,false,moderate
bump_test_shot,78.3,5.6,-0.8,1850,2.3,39.0,39.0,0.0,36.9,-2.1,86.8,74.0,12.8,47.8,35.0,12.8,3.0,3.1,-0.1,I-S1-V0-P0,-2.1,shot,true,severe
p_wedge_shot_1,82.3,26.5,-3.1,4946,6.7,104.5,104.5,0.0,100.2,-4.3,109.5,107.3,2.2,5.0,2.8,2.2,55.1,60.5,-5.4,I-S1-V3-P2,-4.3,shot,true,pass
s2_shot_10,89.7,25.5,-3.1,6446,6.2,115.1,115.1,0.0,119.1,4.0,127.1,116.4,10.7,12.0,1.3,10.7,66.2,72.0,-5.8,I-S2-V3-P3,4.0,regime,true,severe
s2_shot_11,78.5,29.6,4.3,7350,10.7,93.0,93.0,0.0,91.3,-1.7,95.6,93.6,2.0,2.6,0.6,2.0,59.6,64.0,-4.4,I-S1-V3-P3,-1.7,shot,true,pass
s2_shot_17,122.9,14.4,-1.3,4119,6.7,184.0,184.0,0.0,191.2,7.2,199.5,190.3,9.2,15.5,6.3,9.2,68.2,71.8,-3.6,D-S4-V1-P2,7.2,regime,true,moderate
s3_shot_3w_22,108.9,5.6,-7.2,2501,-1.8,103.2,103.2,0.0,106.3,3.1,161.5,141.3,20.2,58.3,38.1,20.2,11.0,10.5,0.5,I-S3-V0-P1,3.1,shot,true,severe
s3_shot_5i_10,88.0,14.2,1.2,4065,8.4,103.1,103.1,0.0,106.1,3.0,109.6,116.7,-7.1,6.5,13.6,-7.1,34.3,28.4,5.9,I-S2-V1-P2,3.0,shot,true,moderate
s3_shot_5i_11,90.6,14.4,-0.2,3360,7.8,108.8,108.8,0.0,105.6,-3.2,106.9,124.1,-17.2,-1.9,15.3,-17.2,28.5,29.8,-1.3,I-S2-V1-P1,-3.2,shot,true,severe
s3_shot_5i_13,75.0,8.0,2.5,3921,3.4,53.9,53.9,0.0,56.5,2.6,89.0,78.9,10.1,35.1,25.0,10.1,7.4,6.8,0.6,I-S1-V0-P1,2.6,shot,true,severe
s3_shot_5i_15,86.9,9.3,-4.0,2509,-4.9,78.6,78.6,0.0,74.1,-4.5,121.3,106.6,14.7,42.7,28.0,14.7,11.0,12.1,-1.1,I-S2-V0-P1,-4.5,shot,true,severe
s3_shot_5i_17,56.5,10.0,24.1,5178,29.1,30.6,30.6,0.0,28.6,-2.0,45.0,46.9,-1.9,14.4,16.3,-1.9,4.2,4.5,-0.3,C-S0-V1-P2,-2.0,shot,true,pass
s3_shot_6i_35,80.5,15.3,-1.3,4667,-0.0,90.0,90.0,0.0,84.9,-5.1,84.9,101.5,-16.6,-5.1,11.5,-16.6,23.1,26.4,-3.3,I-S1-V1-P2,-5.1,shot,true,severe
s3_shot_6i_36,78.9,10.4,16.1,4166,25.1,67.8,67.8,0.0,69.9,2.1,68.3,89.1,-20.8,0.5,21.3,-20.8,12.4,11.8,0.6,I-S1-V1-P2,2.1,shot,true,severe
s3_shot_6i_37,82.6,10.2,11.0,3041,25.4,71.5,71.5,0.0,67.9,-3.6,109.4,97.2,12.2,37.9,25.7,12.2,11.0,11.8,-0.8,I-S1-V1-P1,-3.6,shot,true,severe
s3_shot_6i_38,79.1,13.3,3.0,3187,11.6,79.2,79.2,0.0,76.0,-3.2,76.2,97.5,-21.3,-3.0,18.3,-21.3,18.1,18.0,0.1,I-S1-V1-P1,-3.2,shot,true,severe
s3_shot_6i_41,82.5,9.9,-2.3,2620,13.6,71.3,71.3,0.0,66.7,-4.6,111.1,97.9,13.2,39.8,26.6,13.2,10.3,11.3,-1.0,I-S1-V0-P1,-4.6,shot,true,severe
s3_shot_6i_45,109.3,6.4,-9.0,2510,-10.9,109.6,109.6,0.0,113.1,3.5,166.5,145.4,21.1,56.9,35.8,21.1,13.5,12.9,0.6,I-S3-V0-P1,3.5,shot,true,severe
s3_shot_6i_49,71.2,7.7,16.1,2625,30.0,39.9,39.9,0.0,37.4,-2.5,77.3,70.3,7.0,37.4,30.4,7.0,4.2,4.5,-0.3,I-S1-V0-P1,-2.5,shot,true,moderate
s3_shot_7i_26,73.4,10.8,15.4,3561,30.0,56.6,56.6,0.0,58.4,1.8,57.5,79.3,-21.8,0.9,22.7,-21.8,10.7,9.6,1.1,I-S1-V1-P1,1.8,shot,true,severe
s3_shot_7i_31,76.4,17.5,-0.5,5122,1.8,85.0,85.0,0.0,80.2,-4.8,80.2,94.5,-14.3,-4.8,9.5,-14.3,24.3,28.4,-4.1,I-S1-V1-P2,-4.8,shot,true,severe
s3_shot_9i_1,89.0,15.1,-0.5,3563,11.3,106.7,106.7,0.0,105.3,-1.4,108.2,120.8,-12.6,1.5,14.1,-12.6,32.1,30.8,1.3,I-S2-V1-P1,-1.4,shot,true,severe
s3_shot_9i_2,71.3,23.9,5.5,4086,8.3,82.1,82.1,0.0,74.1,-8.0,78.3,87.4,-9.1,-3.8,5.3,-9.1,33.8,36.8,-3.0,I-S1-V2-P2,-8.0,shot,true,moderate
s3_shot_9i_5,84.0,19.4,3.8,5352,11.5,102.7,102.7,-0.0,100.1,-2.6,101.7,107.2,-5.5,-1.0,4.5,-5.5,36.3,41.8,-5.5,I-S1-V2-P2,-2.6,shot,true,moderate
s3_shot_driver_60,107.4,11.7,-8.6,3269,-14.8,138.5,138.5,0.0,138.5,0.0,138.9,153.8,-14.9,0.4,15.3,-14.9,31.6,34.0,-2.4,I-S3-V1-P1,,,false,severe
s3_shot_pw_64,69.6,28.6,0.2,5327,5.1,80.1,80.1,0.0,75.7,-4.4,92.0,82.4,9.6,11.9,2.3,9.6,42.7,46.4,-3.7,I-S1-V3-P2,-4.4,shot,true,moderate
s3_shot_pw_66,75.7,27.3,-1.2,6605,4.0,89.7,89.7,-0.0,87.1,-2.6,102.1,90.8,11.3,12.4,1.1,11.3,49.8,53.5,-3.7,I-S1-V3-P3,-2.6,shot,true,severe
s3_shot_pw_67,81.7,28.1,6.3,6510,12.7,100.0,100.0,0.0,100.0,0.0,106.8,101.1,5.7,6.8,1.1,5.7,61.0,65.0,-4.0,I-S1-V3-P3,,,false,moderate
s3_shot_pw_68,88.5,23.4,-0.1,6637,6.0,112.7,112.7,-0.0,116.1,3.4,120.2,114.1,6.1,7.5,1.4,6.1,57.2,63.4,-6.2,I-S2-V2-P3,3.4,shot,true,moderate
s3_shot_pw_69,74.1,23.6,0.2,5880,8.4,86.0,86.0,0.0,83.2,-2.8,84.9,88.8,-3.9,-1.1,2.8,-3.9,37.4,41.2,-3.8,I-S1-V2-P3,-2.8,shot,true,pass
wedge_shot_1,48.7,29.0,-1.3,5684,11.1,42.6,42.6,0.0,37.5,-5.1,46.2,46.9,-0.7,3.6,4.3,-0.7,18.9,21.3,-2.4,C-S0-V3-P3,-5.1,shot,true,pass
wedge_shot_2,51.8,37.0,2.4,5652,9.1,49.1,49.1,0.0,43.0,-6.1,52.8,50.1,2.7,3.7,1.0,2.7,31.1,35.3,-4.2,C-S0-V4-P3,-6.1,shot,true,pass
wedge_test_shot,66.4,23.2,-1.4,6449,7.1,70.6,70.6,0.0,65.6,-5.0,79.4,75.8,3.6,8.8,5.2,3.6,28.0,31.2,-3.2,I-S1-V2-P3,-5.0,shot,true,pass
wedge_test_shot2,54.7,26.8,1.6,4976,5.7,52.2,52.2,-0.0,46.8,-5.4,60.8,57.7,3.1,8.6,5.5,3.1,22.4,24.4,-2.0,C-S0-V3-P2,-5.4,shot,true,pass
